{
  "dataSizes": [
    10,
    100,
    150,
    199,
    200,
    250,
    300,
    400,
    500,
    600,
    700,
    800,
    1600,
    3200,
    6400,
    12800,
    25600,
    51200,
    102400
  ],
  "stats": {
    "lodash": [
      0.0002628773169539802,
      0.009547159173041768,
      0.03627465313104935,
      0.05223785176289359,
      0.05266945757285734,
      0.06767838290944755,
      0.07896894565458591,
      0.10915812929090783,
      0.13062765297490214,
      0.16750110664883208,
      0.19057441803672023,
      0.23188151217532468,
      0.5119522291371994,
      1.2853827683568682,
      3.2946120197916673,
      8.972110543809524,
      20.596105244791662,
      45.14545185714286,
      96.69112899999996
    ],
    "native": [
      0.0000986659714559401,
      0.004256881462078568,
      0.011830804462119293,
      0.019680805886014206,
      0.019737406550352825,
      0.029268232324827906,
      0.04060032645414896,
      0.07059445885008639,
      0.10711430900252053,
      0.1562308614403497,
      0.21378678323141645,
      0.27301133437828357,
      1.135984502805836,
      4.726772522477524,
      19.278428531400966,
      78.23214694444444,
      313.74954525,
      1253.017979,
      5021.8751332
    ]
  }
}