{
  "dataSizes": [
    10,
    100,
    150,
    199,
    200,
    250,
    300,
    400,
    500,
    600,
    700,
    800,
    1600,
    3200,
    6400,
    12800
  ],
  "stats": {
    "lodash": [
      0.0002672437943876164,
      0.009285418168172003,
      0.043058096604505665,
      0.05202486669951333,
      0.05447708983990146,
      0.06799306562483504,
      0.0827363218165456,
      0.10623835617830692,
      0.13785174949898585,
      0.1840047942844908,
      0.218538710746182,
      0.2393069015611705,
      0.5274990508247421,
      1.28170624796748,
      3.260469894385028,
      10.463558612519199
    ],
    "native": [
      0.00009680772580856905,
      0.004547087272292304,
      0.012637930931053087,
      0.02117637660867793,
      0.021777296971393488,
      0.030362147846204276,
      0.04102847581638378,
      0.07121053453381414,
      0.11125982167375204,
      0.184078031085184,
      0.21556294798379727,
      0.306197869133734,
      1.146950961904762,
      4.850176159346272,
      19.750312422885575,
      79.53879283333335
    ]
  }
}