{
  "dataSizes": [
    10,
    100,
    150,
    199,
    200,
    250,
    300,
    400,
    500,
    600,
    700,
    800,
    1600,
    3200,
    6400,
    12800
  ],
  "stats": {
    "lodash": [
      0.00019963799238860552,
      0.008994853951232227,
      0.02058822536083906,
      0.03610719152640688,
      0.0467900495238054,
      0.06025066983016283,
      0.06828426519093159,
      0.0866742936969005,
      0.11927695408631687,
      0.1463579397311896,
      0.16548868319116886,
      0.19891403690907156,
      0.46234059283121576,
      1.183922380479568,
      3.195538388888888,
      8.582638752819548
    ],
    "native": [
      0.00011105143084519469,
      0.004507016610379554,
      0.01246307048604817,
      0.020562430477130453,
      0.021188615217899966,
      0.03156019933638882,
      0.0424257908751586,
      0.07578563746101703,
      0.11018105620195456,
      0.15692156659699977,
      0.21853250378080832,
      0.28217342820599445,
      1.1970286698702737,
      4.959299288401255,
      21.402015497267758,
      78.86756602777778
    ]
  }
}