{
  "dataSizes": [
    10,
    100,
    150,
    199,
    200,
    250,
    300,
    400,
    500,
    600,
    700,
    800,
    1600,
    3200,
    6400,
    12800,
    25600,
    51200,
    102400
  ],
  "stats": {
    "lodash": [
      0.00021151874355881912,
      0.008949552381366485,
      0.020409950399711704,
      0.03464965553531875,
      0.04444503523727353,
      0.05599992677134615,
      0.06683122480689627,
      0.09275139863505749,
      0.11800586179809612,
      0.1410157696515521,
      0.16244103977868884,
      0.1931598453917467,
      0.4420030013919095,
      1.1411486200612493,
      2.9725709278531927,
      8.069513842857145,
      19.722263253731334,
      39.86678486956521,
      89.09134762500001
    ],
    "native": [
      0.0001108732984745656,
      0.004446975400430977,
      0.012382995408544078,
      0.020374602241712524,
      0.020666457558720777,
      0.030356471868147966,
      0.04220979490408352,
      0.0734533263090778,
      0.10893023552492904,
      0.15886117254232368,
      0.2175065816913081,
      0.27834253794061087,
      1.192601133268923,
      4.823270248484849,
      19.454827019607837,
      78.55828705555555,
      316.73733666666664,
      1264.402007,
      5034.151491600001
    ]
  }
}