{
  "dataSizes": [
    10,
    100,
    150,
    199,
    200,
    250,
    300,
    400,
    500,
    600,
    700,
    800,
    1600,
    3200,
    6400,
    12800
  ],
  "stats": {
    "lodash": [
      0.0008619667924060967,
      0.014445102946013512,
      0.023731378048602723,
      0.03376321170619237,
      0.03431035302940193,
      0.04572816600497912,
      0.054462517409628465,
      0.07738904564993285,
      0.10101436298558038,
      0.12211565983368547,
      0.14778063573022696,
      0.17268686349258708,
      0.39632539977845677,
      0.8803048258459711,
      1.8888257648176294,
      4.147368159896283
    ],
    "native": [
      0.00018375945997286438,
      0.0014236229256408763,
      0.002183773123320598,
      0.002635752624866984,
      0.002648511658580079,
      0.003287581182611915,
      0.003907544560210914,
      0.005254447158152007,
      0.006601088379579751,
      0.007840108018351291,
      0.009165343301877259,
      0.010516944854314514,
      0.021326267658474445,
      0.04714241514551162,
      0.09373124721915138,
      0.18671253647272731
    ]
  }
}