{
  "dataSizes": [
    10,
    100,
    150,
    199,
    200,
    250,
    300,
    400,
    500,
    600,
    700,
    800,
    1600,
    3200,
    6400,
    12800
  ],
  "stats": {
    "lodash": [
      0.001558083278577671,
      0.023552881529182734,
      0.03845795233456437,
      0.05508317329548257,
      0.057580256722664994,
      0.0731246935411215,
      0.0885208061723675,
      0.12735747380280618,
      0.1664027523450172,
      0.22278278753781536,
      0.2356597389389672,
      0.2837829621203415,
      0.6316102270555694,
      1.3781492649763172,
      4.141631384946896,
      7.908574948908727
    ],
    "native": [
      0.0002963764214757284,
      0.0022736145545645325,
      0.003197839323334329,
      0.004286985464339726,
      0.005018975278181581,
      0.005249917109903785,
      0.006349930921089109,
      0.009725936999523108,
      0.012285723325917519,
      0.013598933441857534,
      0.014622078734983114,
      0.022254326285575828,
      0.04049561915679708,
      0.07806306163529389,
      0.18141120192051835,
      0.4300812560376849
    ]
  }
}