{
  "dataSizes": [
    10,
    100,
    150,
    199,
    200,
    250,
    300,
    400,
    500,
    600,
    700,
    800,
    1600,
    3200,
    6400,
    12800,
    25600,
    51200,
    102400
  ],
  "stats": {
    "lodash": [
      0.0008815223126494078,
      0.015169840198784798,
      0.024060989238140415,
      0.03371723656838756,
      0.0342709986660781,
      0.04493573613294874,
      0.05455776703816725,
      0.0776029889159965,
      0.10207876784783741,
      0.1240356433598004,
      0.14962846147987577,
      0.1746826833129085,
      0.3908138903542039,
      0.8669607657176256,
      1.9030386030340412,
      4.262820608974359,
      9.613259497890295,
      21.847528442622952,
      50.87487947297299
    ],
    "native": [
      0.00019577470262140074,
      0.001418973640174053,
      0.002079225138568417,
      0.002655373530661279,
      0.0026683459164635885,
      0.0033199672387147923,
      0.004024405217483841,
      0.005343378229749104,
      0.006693542557840166,
      0.00805310683457549,
      0.00930571568223902,
      0.010681990287377043,
      0.02171221082762122,
      0.04650290932481976,
      0.0984458843272171,
      0.19216637832041533,
      0.42123660236626687,
      0.9199239884057967,
      2.260530249860646
    ]
  }
}