{
  "dataSizes": [
    10,
    100,
    150,
    199,
    200,
    250,
    300,
    400,
    500,
    600,
    700,
    800,
    1600,
    3200,
    6400,
    12800
  ],
  "stats": {
    "lodash": [
      0.00015916503110862277,
      0.005513590122116405,
      0.01158704396209002,
      0.019255607469507274,
      0.0430466879481336,
      0.05055757123776833,
      0.062212973266366024,
      0.08643692955675296,
      0.10582717161651896,
      0.13575174438902746,
      0.15900328751726608,
      0.18342002995144932,
      0.37188461789139976,
      0.8393074298941798,
      1.97575867821585,
      4.790607426706828
    ],
    "native": [
      0.0004169479311831104,
      0.004114379956104559,
      0.006913497318078165,
      0.008644647185987201,
      0.008742611323473724,
      0.010305543619935362,
      0.014723791287443045,
      0.018429973853380025,
      0.02254824387384009,
      0.030674060845773152,
      0.034420633147228416,
      0.04049266509382968,
      0.07882314432057677,
      0.16054152756933196,
      0.3652883705486047,
      0.7995772301412873
    ]
  }
}