{
  "dataSizes": [
    10,
    100,
    150,
    199,
    200,
    250,
    300,
    400,
    500,
    600,
    700,
    800,
    1600,
    3200,
    6400,
    12800
  ],
  "stats": {
    "lodash": [
      0.00018194751693346683,
      0.006045529905447355,
      0.013944294213119745,
      0.01969704354855942,
      0.040594313004256165,
      0.053246738482443115,
      0.063260951316614,
      0.08802445739917979,
      0.1131947997177881,
      0.1327947527962241,
      0.15632389584291875,
      0.18193050285103352,
      0.4137358829581891,
      0.873629896006368,
      2.026657715099716,
      5.12091311352814
    ],
    "native": [
      0.0003630671210871695,
      0.004426849025367119,
      0.006629148393234419,
      0.00817420200635435,
      0.008188000212560722,
      0.0101023330053624,
      0.014355696628727656,
      0.017796675017691325,
      0.02243557607514267,
      0.03047125883891546,
      0.0344606674319296,
      0.03787555834960415,
      0.08647707717637883,
      0.15890884033930724,
      0.3574910180646313,
      0.8001440955137273
    ]
  }
}