{
  "dataSizes": [
    10,
    100,
    150,
    199,
    200,
    250,
    300,
    400,
    500,
    600,
    700,
    800,
    1600,
    3200,
    6400,
    12800,
    25600,
    51200,
    102400
  ],
  "stats": {
    "lodash": [
      0.00017409887791416544,
      0.00562158298481416,
      0.011810286925026236,
      0.019452378133206202,
      0.040947089970571844,
      0.05169856882669387,
      0.06362957068284075,
      0.09088319709758948,
      0.10562247999262402,
      0.1285820454044026,
      0.15443655563583808,
      0.18241841156535388,
      0.3824410286270982,
      0.8511572867943548,
      2.0198507045826517,
      5.2907189550561835,
      13.76063308552631,
      30.39815765517243,
      65.85631557142857
    ],
    "native": [
      0.0003998553388663243,
      0.004054029232246551,
      0.006873687565409944,
      0.008804341700667092,
      0.008922826190697659,
      0.010613993368728272,
      0.01462543027320251,
      0.019320100835253987,
      0.022902948642938865,
      0.030822184462845237,
      0.034725430329506146,
      0.038957402887537775,
      0.07985297422919145,
      0.16334722060702878,
      0.3695575112825909,
      0.8008103755749411,
      1.7469085059550016,
      3.775871167170867,
      8.612506980952377
    ]
  }
}