{
  "dataSizes": [
    10,
    100,
    150,
    199,
    200,
    250,
    300,
    400,
    500,
    600,
    700,
    800,
    1600,
    3200,
    6400,
    12800,
    25600,
    51200,
    102400
  ],
  "stats": {
    "lodash": [
      0.00008143356654670402,
      0.004864498491526497,
      0.010503466842013824,
      0.01785272050368792,
      0.007617837041358061,
      0.009208038745693406,
      0.012719306157266916,
      0.016044296580293455,
      0.01955372766352194,
      0.026346132109896708,
      0.03029270479228308,
      0.03340187611487238,
      0.06925466660785486,
      0.14265644183482537,
      0.31778590659896516,
      0.6916670012244899,
      1.536501470088066,
      3.206530988235294,
      7.195348057098764
    ],
    "native": [
      0.00029516178283635753,
      0.002919483266822661,
      0.004951153906238269,
      0.006094827998763491,
      0.006152256842680839,
      0.007371016499136242,
      0.010585322401670129,
      0.013129573313714844,
      0.015938958922988293,
      0.021783755805189983,
      0.025031997176279876,
      0.02784924945733862,
      0.05759498391893524,
      0.12027229057604706,
      0.27138092707875505,
      0.5968307724510119,
      1.32404685332981,
      2.8360198405048767,
      6.269334712962963
    ]
  }
}