{
  "dataSizes": [
    10,
    100,
    150,
    199,
    200,
    250,
    300,
    400,
    500,
    600,
    700,
    800,
    1600,
    3200,
    6400,
    12800
  ],
  "stats": {
    "lodash": [
      0.00007793071142774062,
      0.0051359250133474225,
      0.010609226109589906,
      0.018198275172426562,
      0.007534718742714285,
      0.009170946059863743,
      0.01262960035505532,
      0.016005648511275433,
      0.019513071184632667,
      0.026342739759925023,
      0.029379124394703984,
      0.03370542606323298,
      0.06943029180305786,
      0.1423268063711911,
      0.3142826527546224,
      0.6811616394557822
    ],
    "native": [
      0.00031761634326754823,
      0.0027550153702657803,
      0.004922120873267586,
      0.006200564712017212,
      0.005877789292826834,
      0.007229540938786957,
      0.010252605264280271,
      0.013026941309966423,
      0.015807208302484776,
      0.021932570127800904,
      0.024300336356062723,
      0.02771704723131077,
      0.06065221869173135,
      0.11793015746764982,
      0.26745077641541004,
      0.5808564339991871
    ]
  }
}